01	09:00	18:00	01:00	本社	0.0	0.0	0.0	8.0	0.0
02	09:00	18:00	01:00	本社	0.0	0.0	0.0	8.0	0.0
03	09:00	18:00	01:00	本社	0.0	0.0	0.0	8.0	0.0
04	09:00	18:00	01:00	本社	0.0	0.0	0.0	8.0	0.0
05	09:00	18:00	01:00	本社	0.0	0.0	0.0	8.0	0.0
08	09:00	18:00	01:00	本社	0.0	0.0	0.0	8.0	0.0
09	09:00	18:00	01:00	本社	0.0	0.0	0.0	8.0	0.0
10	09:00	18:00	01:00	本社	0.0	0.0	0.0	8.0	0.0
11	09:00	18:00	01:00	本社	0.0	0.0	0.0	8.0	0.0
12	09:00	18:00	01:00	本社	0.0	0.0	0.0	8.0	0.0
13	09:00	18:00	01:00	本社	0.0	0.0	0.0	8.0	0.0
14	09:00	18:00	01:00	本社	0.0	0.0	0.0	8.0	0.0
16	09:00	18:00	01:00	本社	0.0	0.0	0.0	8.0	0.0
17	09:00	18:00	01:00	本社	0.0	0.0	0.0	8.0	0.0
18	09:00	18:00	01:00	本社	0.0	0.0	0.0	8.0	0.0
19	09:00	18:00	01:00	本社	0.0	0.0	0.0	8.0	0.0
20	09:00	18:00	01:00	本社	0.0	0.0	0.0	8.0	0.0
21	09:00	18:00	01:00	本社	0.0	0.0	0.0	8.0	0.0
22	09:00	18:00	01:00	本社	0.0	0.0	0.0	8.0	0.0
23	09:00	18:00	01:00	本社	0.0	0.0	0.0	8.0	0.0
24	09:00	18:00	01:00	本社	0.0	0.0	0.0	8.0	0.0
25	09:00	18:00	01:00	本社	0.0	0.0	0.0	8.0	0.0
26	09:00	18:00	01:00	本社	0.0	0.0	0.0	8.0	0.0
27	09:00	18:00	01:00	本社	0.0	0.0	0.0	8.0	0.0
28	09:00	18:00	01:00	本社	0.0	0.0	0.0	8.0	0.0
29	09:00	18:00	01:00	本社	0.0	0.0	0.0	8.0	0.0
30	09:00	18:00	01:00	本社	0.0	0.0	0.0	8.0	0.0
31	09:00	18:00	01:00	本社	0.0	0.0	0.0	8.0	0.0
